{
  "accuracy": 0.9499328367322017,
  "f1_macro": 0.9148039868336486,
  "f1_weighted": 0.9505492674733808,
  "precision_macro": 0.9245873607091464,
  "recall_macro": 0.9152167584920478,
  "average_confidence": 0.685793241805209
}