{
  "model": "L-DeepSC Classification Focus",
  "config": {
    "snr_db": 20.0,
    "latent_dim": 128,
    "chan_dim": 64,
    "hidden_dim": 512,
    "num_heads": 8,
    "dropout": 0.3,
    "use_smote": true
  },
  "reconstruction": {
    "per_variable": {
      "Moisture": {
        "rmse": 2.9811986826832464,
        "mae": 2.3583860397338867,
        "r2": 0.8824437856674194
      },
      "pH": {
        "rmse": 0.33914445862166426,
        "mae": 0.289449542760849,
        "r2": 0.8729952573776245
      },
      "N": {
        "rmse": 5.969812747951603,
        "mae": 4.758009910583496,
        "r2": 0.8836461305618286
      },
      "Temperature": {
        "rmse": 2.3076610972665907,
        "mae": 1.8801134824752808,
        "r2": 0.89096999168396
      },
      "Humidity": {
        "rmse": 6.703624929000779,
        "mae": 5.383512496948242,
        "r2": 0.8893225789070129
      }
    },
    "overall": {
      "rmse": 3.6602883831047768,
      "mae": 2.9338942945003508,
      "r2": 0.8838755488395691
    }
  },
  "classification": {
    "accuracy": 0.7358615367655165,
    "f1_macro": 0.6593545878914756,
    "f1_weighted": 0.7163918815390197,
    "precision_macro": 0.61749607196126,
    "recall_macro": 0.8360315540830192
  },
  "efficiency": {
    "bandwidth_bytes_per_sample": 256,
    "avg_inference_time_ms": 2.3330052693684897
  },
  "timestamp": "2025-11-30T11:07:47.361221"
}