{
  "best_model": "GradientBoosting",
  "target_rmse": 4.2,
  "comparison": {
    "XGBoost": {
      "overall_rmse": 10.020398866057025,
      "overall_mae": 8.345658777258134,
      "overall_r2": 0.24127448240113444,
      "per_variable_rmse": {
        "Moisture": 7.04343533754867,
        "pH": 0.602791871697363,
        "N": 17.008511541844943,
        "Temperature": 6.5040217098333795,
        "Humidity": 18.94323386936077
      },
      "per_variable_mae": {
        "Moisture": 5.536559921937309,
        "pH": 0.4328740376537573,
        "N": 14.580483886228695,
        "Temperature": 5.434770876993581,
        "Humidity": 15.743605163477325
      },
      "per_variable_r2": {
        "Moisture": 0.34087127676374984,
        "pH": 0.6268278932771743,
        "N": 0.04066248804084349,
        "Temperature": 0.0991220564321208,
        "Humidity": 0.09888869749178408
      }
    },
    "RandomForest": {
      "overall_rmse": 10.01023811224618,
      "overall_mae": 8.33404664473781,
      "overall_r2": 0.24301492425186985,
      "per_variable_rmse": {
        "Moisture": 7.040429704290067,
        "pH": 0.602584695174546,
        "N": 17.03246318440751,
        "Temperature": 6.483148865810708,
        "Humidity": 18.892564111548065
      },
      "per_variable_mae": {
        "Moisture": 5.534740786240413,
        "pH": 0.43237978115067344,
        "N": 14.579261093144275,
        "Temperature": 5.429654901134617,
        "Humidity": 15.69419666201907
      },
      "per_variable_r2": {
        "Moisture": 0.3414336945107098,
        "pH": 0.6270843639336481,
        "N": 0.03795867849170831,
        "Temperature": 0.1048950112974989,
        "Humidity": 0.10370287302578429
      }
    },
    "GradientBoosting": {
      "overall_rmse": 10.00180530952559,
      "overall_mae": 8.327256731546774,
      "overall_r2": 0.24378597743702915,
      "per_variable_rmse": {
        "Moisture": 7.040384730692183,
        "pH": 0.6024819311248365,
        "N": 16.999872907752664,
        "Temperature": 6.487848415709979,
        "Humidity": 18.878438562348286
      },
      "per_variable_mae": {
        "Moisture": 5.530740449666124,
        "pH": 0.4314158962859039,
        "N": 14.561278473262163,
        "Temperature": 5.428358170024968,
        "Humidity": 15.684490668494712
      },
      "per_variable_r2": {
        "Moisture": 0.3414421082021595,
        "pH": 0.6272115462319974,
        "N": 0.04163673686175884,
        "Temperature": 0.1035968411342516,
        "Humidity": 0.10504265475497854
      }
    },
    "Baseline (Centroid)": {
      "overall_rmse": 10.180446695939734,
      "overall_mae": 8.667530806301121,
      "overall_r2": 0.21379642696979767,
      "per_variable_rmse": {
        "Moisture": 7.401314282115475,
        "pH": 0.6122752654566547,
        "N": 17.362678965556807,
        "Temperature": 6.55329935316887,
        "Humidity": 18.972665613400867
      },
      "per_variable_mae": {
        "Moisture": 6.15901256063784,
        "pH": 0.45312874838355954,
        "N": 15.08707511159945,
        "Temperature": 5.588081202175886,
        "Humidity": 16.05035640870887
      },
      "per_variable_r2": {
        "Moisture": 0.27218857984816824,
        "pH": 0.6149937054568725,
        "N": 0.000294045355729744,
        "Temperature": 0.08541936107320969,
        "Humidity": 0.09608644311500814
      }
    }
  }
}