{
  "FuzSemCom": {
    "accuracy": 0.9499328367322017,
    "f1_macro": 0.9148039868336486,
    "precision_macro": 0.9245873607091464,
    "recall_macro": 0.9152167584920478,
    "payload_bytes": 2
  },
  "L-DeepSC": {
    "accuracy": 0.9002320185614849,
    "f1_macro": 0.7429790846397879,
    "precision_macro": 0.7145414534810524,
    "recall_macro": 0.9117394570640931,
    "payload_bytes": 8
  }
}