{
  "overall_rmse": 9.985652694119377,
  "overall_mae": 8.364403658309394,
  "overall_r2": 0.2451738563180726,
  "baseline_rmse": 10.180446696691579,
  "improvement_percent": 1.9134131180658869,
  "per_variable": {
    "Moisture": {
      "rmse": 7.024406283290669,
      "mae": 5.575087136942354,
      "r2": 0.34442796439193457,
      "target_rmse": 3.4
    },
    "pH": {
      "rmse": 0.6064934040244127,
      "mae": 0.4433096078961514,
      "r2": 0.6222307803134823,
      "target_rmse": 0.23
    },
    "N": {
      "rmse": 17.00596593226785,
      "mae": 14.658230479501462,
      "r2": 0.04094962851184536,
      "target_rmse": 8.6
    },
    "Temperature": {
      "rmse": 6.4738860884670695,
      "mae": 5.464134466315405,
      "r2": 0.10745094293524837,
      "target_rmse": 1.9
    },
    "Humidity": {
      "rmse": 18.81751176254689,
      "mae": 15.681256600891599,
      "r2": 0.11080996543785238,
      "target_rmse": 4.1
    }
  },
  "training": {
    "epochs_run": 86,
    "final_train_loss": 0.9605251550674438,
    "final_val_loss": 0.9785906672477722,
    "best_val_loss": 0.9585193991661072
  },
  "class_centroids": {
    "optimal": [
      33.89074074074074,
      6.480740740740742,
      62.55555555555556,
      24.07592592592593,
      65.17555555555556
    ],
    "nutrient_deficiency": [
      23.023078393881452,
      6.496801895419403,
      44.34599717349738,
      29.99436944051875,
      59.74031008396375
    ],
    "fungal_risk": [
      22.509559471365638,
      6.603039647577093,
      45.02202643171806,
      19.90295154185022,
      87.20396475770924
    ],
    "water_deficit_acidic": [
      18.835269625560212,
      5.400037588549949,
      44.25386728350441,
      30.147712881306923,
      60.20271794130404
    ],
    "water_deficit_alkaline": [
      19.010671539515762,
      7.7487756966651435,
      44.34330744632252,
      30.02509821836455,
      60.38442896299681
    ],
    "acidic_soil": [
      34.03598583234947,
      5.401109799291618,
      45.01613537977175,
      30.273801652892562,
      59.58704840613932
    ],
    "alkaline_soil": [
      33.94576163161249,
      7.757017208413002,
      44.91586998087954,
      29.890082855321857,
      59.61838750796686
    ],
    "heat_stress": [
      23.12556564659427,
      6.652811451135242,
      44.52813425468904,
      36.090839091806515,
      42.477605133267524
    ]
  }
}