{
  "model": "L-DeepSC System Optimization",
  "config": {
    "latent_dim": 32,
    "chan_dim": 32,
    "hidden_dim": 128,
    "num_repetitions": 3,
    "snr_range": [
      0,
      5,
      10,
      15,
      20,
      25,
      30
    ],
    "num_epochs": 150
  },
  "results_by_snr": {
    "0": {
      "accuracy_before": 0.743027229632896,
      "accuracy_after": 0.6961746224231066,
      "f1_before": 0.6970888307650438,
      "f1_after": 0.6083440290067353,
      "rmse": 5.570319348260166
    },
    "5": {
      "accuracy_before": 0.743027229632896,
      "accuracy_after": 0.7281446367544924,
      "f1_before": 0.6970888307650438,
      "f1_after": 0.6657434123644972,
      "rmse": 3.653736000099467
    },
    "10": {
      "accuracy_before": 0.743027229632896,
      "accuracy_after": 0.7388380553411972,
      "f1_before": 0.6970888307650438,
      "f1_after": 0.6970091779493949,
      "rmse": 2.552400177471117
    },
    "15": {
      "accuracy_before": 0.743027229632896,
      "accuracy_after": 0.7439091610627274,
      "f1_before": 0.6970888307650438,
      "f1_after": 0.6850623322510958,
      "rmse": 2.082457879820869
    },
    "20": {
      "accuracy_before": 0.743027229632896,
      "accuracy_after": 0.7471061624958659,
      "f1_before": 0.6970888307650438,
      "f1_after": 0.7051070772217256,
      "rmse": 1.9147601043597928
    },
    "25": {
      "accuracy_before": 0.743027229632896,
      "accuracy_after": 0.7437989196339985,
      "f1_before": 0.6970888307650438,
      "f1_after": 0.7023543766910719,
      "rmse": 1.8705818256426423
    },
    "30": {
      "accuracy_before": 0.743027229632896,
      "accuracy_after": 0.7449013339212877,
      "f1_before": 0.6970888307650438,
      "f1_after": 0.6833593293329738,
      "rmse": 1.8497358881090746
    }
  },
  "best_accuracy_after_channel": 0.7471061624958659,
  "bandwidth_bytes": 384,
  "timestamp": "2025-12-05T12:16:45.893122"
}